metric,value
R2,0.3266632934692405
MAE,0.47683332475766554
RMSE,0.6121222831095404
Baseline CV-RMSE,0.6451116271454198
